candidato,periodo_2d,mean,std,n,se,ci95,media_movil_2
jara,2025-08-06,0.40442307692307694,0.15116810694952973,39,0.024206269880038156,0.047444288964874785,0.40442307692307694
jara,2025-08-08,0.2571428571428571,0.09322272357358043,7,0.03523487758797319,0.06906036007242745,0.33078296703296706
jara,2025-08-10,0.395,0.20236106344848065,14,0.05408326913195985,0.1060032074986413,0.32607142857142857
jara,2025-08-12,0.4790178571428571,0.1422737633697311,28,0.026887213997539957,0.05269893943517832,0.4370089285714286
jara,2025-08-16,0.355,0.3206633748964792,3,0.18513508581573618,0.3628647681988429,0.41700892857142857
jara,2025-08-18,0.4598684210526316,0.21290398475638306,19,0.04884352390685251,0.09573330685743092,0.4074342105263158
jara,2025-08-20,0.4686666666666667,0.18047028511509536,15,0.04659722724907124,0.09133056540817963,0.46426754385964913
jara,2025-08-22,0.3255263157894737,0.1883178071538326,19,0.04320306792909143,0.08467801314101919,0.3970964912280702
jara,2025-08-24,0.3576666666666667,0.18827095469283728,15,0.04861135147332866,0.09527824888772417,0.34159649122807023
jara,2025-08-26,0.40700000000000003,0.18785632808079694,10,0.059405386961116594,0.11643455844378853,0.38233333333333336
jara,2025-08-28,0.44466666666666665,0.1598600578482258,15,0.041275689451328854,0.08090035132460455,0.42583333333333334
jara,2025-08-30,0.32775,0.15696525763767966,20,0.03509849861836197,0.06879305729198947,0.3862083333333333
jara,2025-09-01,0.41857142857142854,0.20309509853174462,7,0.07676273188730794,0.15045495449912355,0.3731607142857143
jara,2025-09-03,0.3553846153846154,0.16466282565851395,26,0.03229303696908036,0.0632943524593975,0.386978021978022
jara,2025-09-05,0.4131666666666666,0.17946464700271617,15,0.0463375726049675,0.0908216423057363,0.38427564102564105
jara,2025-09-07,0.41475,0.16623464841402147,10,0.0525680115025605,0.10303330254501858,0.4139583333333333
jara,2025-09-09,0.5115000000000001,0.1584223203306509,20,0.03542430774125824,0.06943164317286614,0.463125
jara,2025-09-11,0.3393229166666667,0.16076176670422992,48,0.023203962320521743,0.04547976614822261,0.4254114583333334
jara,2025-09-13,0.45216216216216215,0.2182396126474947,37,0.03587837130916158,0.0703216077659567,0.3957425394144144
jara,2025-09-15,0.38,0.1890767040118904,5,0.08455767262643882,0.16573303834782008,0.4160810810810811
jara,2025-09-19,0.424375,0.17880972195791445,16,0.04470243048947861,0.08761676375937807,0.40218750000000003
jara,2025-09-21,0.394,0.19126479608705368,10,0.06048323918427503,0.11854714880117904,0.40918750000000004
jara,2025-09-25,0.4583333333333333,0.13570801990548187,6,0.05540256712864887,0.10858903157215179,0.4261666666666667
jara,2025-09-27,0.34535714285714286,0.2046428811153928,14,0.0546931105554365,0.10719849668865554,0.4018452380952381
jara,2025-09-29,0.51875,0.27109666685110273,10,0.08572829333293518,0.16802745493255294,0.4320535714285715
jara,2025-10-01,0.37525,0.19213276659643452,40,0.030378857779712515,0.05954256124823653,0.447
jara,2025-10-03,0.462,0.20384089656178198,10,0.06446015134260165,0.12634189663149922,0.418625
jara,2025-10-05,0.4396052631578948,0.17795433508896571,38,0.028868005134511942,0.0565812900636434,0.4508026315789474
jara,2025-10-07,0.31666666666666665,0.22796863154762537,12,0.06580887539540606,0.12898539577499588,0.37813596491228074
jara,2025-10-09,0.4361764705882353,0.1285681897351157,17,0.031182366257196132,0.06111743786410442,0.37642156862745096
jara,2025-10-11,0.416875,0.17461415797886112,28,0.032998974100215094,0.06467798923642158,0.42652573529411764
jara,2025-10-13,0.41200000000000003,0.12596295751794126,25,0.02519259150358825,0.049377479347032974,0.4144375
jara,2025-10-15,0.41050000000000003,0.19332206561236506,20,0.043228128025992275,0.08472713093094486,0.41125
jara,2025-10-17,0.328125,0.1816303480515669,16,0.04540758701289172,0.08899887054526777,0.36931250000000004
jara,2025-10-19,0.40125,0.20203472188253643,14,0.05399605067975795,0.10583225933232558,0.3646875
jara,2025-10-21,0.4182142857142857,0.19874088191494443,98,0.020075860757293156,0.039348687084294585,0.4097321428571429
jara,2025-10-23,0.4305701754385965,0.1752485591594655,57,0.02321223871357396,0.04549598787860496,0.4243922305764411
jara,2025-10-25,0.3416176470588235,0.1998890623693602,34,0.034280691381807976,0.06719015510834363,0.38609391124871
jara,2025-10-27,0.3545121951219512,0.1703619487959708,41,0.026606066426140842,0.05214789019523605,0.34806492109038734
jara,2025-10-29,0.4003030303030303,0.17941719622998878,33,0.031232524957859914,0.06121574891740543,0.3774076127124908
jara,2025-10-31,0.4009803921568627,0.16448638122301537,51,0.02303270037204272,0.04514409272920373,0.4006417112299465
jara,2025-11-02,0.38875,0.14098611042699677,28,0.026643870464580274,0.05222198611057734,0.39486519607843135
jara,2025-11-04,0.35666666666666663,0.16053945517120288,33,0.027946332044607832,0.05477481080743135,0.3727083333333333
jara,2025-11-06,0.3277777777777778,0.1548282754273097,27,0.02979671549870759,0.058401562377466874,0.3422222222222222
jara,2025-11-08,0.431875,0.20772477785120708,16,0.05193119446280177,0.10178514114709146,0.37982638888888887
jara,2025-11-10,0.45059859154929577,0.21336900664807887,71,0.025322242351698235,0.04963159500932854,0.4412367957746479
jara,2025-11-12,0.42781045751633984,0.1920535493318817,153,0.015526609209218048,0.030432154050067373,0.4392045245328178
jara,2025-11-14,0.3666287878787879,0.14306970626521834,66,0.017610663458160907,0.034516900377995374,0.39721962269756383
jara,2025-11-16,0.3869939271255061,0.17525198746180243,247,0.011151016930316693,0.021855993183420717,0.376811357502147
jara,2025-11-18,0.4088938053097345,0.18606806940027124,226,0.012377063866574941,0.024259045178486885,0.39794386621762035
jara,2025-11-20,0.42351785714285717,0.19122802136101424,140,0.016161717587657685,0.031676966471809065,0.41620583122629584
jara,2025-11-22,0.4020930232558139,0.1961065834191188,129,0.01726622191077847,0.0338417949451258,0.4128054401993355
jara,2025-11-24,0.3729545454545455,0.17562287218546535,44,0.02647614416562419,0.05189324256462342,0.3875237843551797
jara,2025-11-26,0.3314285714285714,0.162830358922791,119,0.01492663452950867,0.029256203677836993,0.35219155844155847
jara,2025-11-28,0.3745491803278689,0.19079303151403862,61,0.0244285444679962,0.047879947157272555,0.35298887587822014
jara,2025-11-30,0.38516666666666666,0.15351335633980728,30,0.02802757604854705,0.054934049055152215,0.37985792349726777
jara,2025-12-02,0.4256302521008403,0.17977540675427417,119,0.01647998451742785,0.03230076965415859,0.4053984593837535
jara,2025-12-04,0.3850373134328358,0.18901934551931923,67,0.0230923884146877,0.04526108129278789,0.40533378276683807
jara,2025-12-06,0.32877272727272727,0.1788504138623127,55,0.024116184885493032,0.04726772237556634,0.35690502035278154
jara,2025-12-08,0.38539999999999996,0.18107272940267213,25,0.036214545880534424,0.07098050992584747,0.3570863636363636
jara,2025-12-10,0.4103726708074535,0.18527665361142298,161,0.01460184587443197,0.02861961791388666,0.39788633540372675
jara,2025-12-12,0.42633720930232555,0.1918546085828363,86,0.020688214495347433,0.04054890041088097,0.4183549400548895
jara,2025-12-14,0.4238068181818182,0.19926570017475317,132,0.01734385299939596,0.033993951878816084,0.4250720137420719
jara,2025-12-16,0.43000000000000005,0.14924362872258803,29,0.027713846106411356,0.05431913836856626,0.4269034090909091
jara,2025-12-18,0.4952777777777778,0.23904904192329332,9,0.0796830139744311,0.15617870738988496,0.46263888888888893
jara,2025-12-20,0.5,0.13228756555322954,3,0.07637626158259735,0.1496974727018908,0.4976388888888889
jara,2025-12-22,0.5080555555555555,0.21639519191739753,18,0.051004835873652066,0.09996947831235804,0.5040277777777777
jara,2025-12-26,0.4096666666666667,0.16397372031024046,15,0.04233783253181561,0.0829821517623586,0.45886111111111105
kaiser,2025-08-12,0.3846428571428571,0.27177053959264275,7,0.10271960877656654,0.20133043320207042,0.3846428571428571
kaiser,2025-08-14,0.4166666666666667,0.14433756729740643,3,0.08333333333333333,0.16333333333333333,0.4006547619047619
kaiser,2025-08-18,0.6233333333333334,0.3302871225666138,3,0.19069135912370141,0.3737550638824548,0.52
kaiser,2025-08-20,0.525,0.10368220676663864,6,0.042328083664000996,0.08296304398144196,0.5741666666666667
kaiser,2025-08-24,0.6316666666666667,0.1862704127516409,6,0.07604457756985555,0.14904737203691687,0.5783333333333334
kaiser,2025-08-26,0.4019736842105263,0.186030498820027,19,0.042678323409103165,0.0836495138818422,0.5168201754385966
kaiser,2025-08-28,0.5383333333333333,0.29902619729158625,6,0.12207693384819993,0.23927079034247184,0.4701535087719299
kaiser,2025-09-01,0.4,0.13944333775567927,10,0.044095855184409845,0.08642787616144329,0.4691666666666668
kaiser,2025-09-09,0.43333333333333335,0.0930949336251263,6,0.038005847503304616,0.07449146110647704,0.4166666666666668
kaiser,2025-09-11,0.3525,0.2171268729277158,20,0.04855104476083313,0.09516004773123293,0.3929166666666668
kaiser,2025-09-13,0.542,0.1951153504981092,5,0.08725823743349392,0.17102614536964808,0.44725000000000015
kaiser,2025-09-17,0.35000000000000003,0.14999999999999997,3,0.08660254037844385,0.16974097914174996,0.4460000000000002
kaiser,2025-09-21,0.24,0.07416198487095663,5,0.033166247903554,0.06500584589096584,0.29500000000000015
kaiser,2025-09-23,0.41725,0.18020994700626267,10,0.05698738895580319,0.11169528235337425,0.3286250000000001
kaiser,2025-09-27,0.387,0.19389430110243056,5,0.08671216754296943,0.16995584838422007,0.4021250000000001
kaiser,2025-10-01,0.4,0.2632217967526897,8,0.09306295871996702,0.18240339909113534,0.3935000000000001
kaiser,2025-10-03,0.5654166666666667,0.2439795927258398,6,0.09960425163839366,0.19522433321125157,0.48270833333333346
kaiser,2025-10-05,0.4375,0.12499999999999999,4,0.06249999999999999,0.12249999999999998,0.5014583333333335
kaiser,2025-10-07,0.4325,0.1891900027561106,8,0.0668887669407737,0.13110198320391644,0.4350000000000001
kaiser,2025-10-09,0.448046875,0.17704420622449435,32,0.03129728969778238,0.061342687807653465,0.44027343750000014
kaiser,2025-10-11,0.6020833333333333,0.20889241648912646,6,0.08527997192255116,0.16714874496820026,0.5250651041666667
kaiser,2025-10-13,0.38749999999999996,0.22928849575526963,8,0.08106572509830703,0.15888882119268177,0.4947916666666668
kaiser,2025-10-15,0.35,0.2,5,0.08944271909999159,0.17530772943598352,0.36875000000000013
kaiser,2025-10-17,0.35714285714285715,0.1789519754677481,7,0.06763748910162756,0.13256947863919002,0.35357142857142876
kaiser,2025-10-19,0.40659999999999996,0.19810282473166976,25,0.03962056494633395,0.07765630729481454,0.38187142857142875
kaiser,2025-10-21,0.48,0.22437792793734093,12,0.06477232854741713,0.12695376395293756,0.44330000000000014
kaiser,2025-10-23,0.4401470588235294,0.17247388975453307,17,0.041831062654063264,0.081988882801964,0.4600735294117648
kaiser,2025-10-25,0.40988636363636366,0.22374842765814607,44,0.03373134463518405,0.06611343548496074,0.42501671122994666
kaiser,2025-10-27,0.4132075471698113,0.1763133256112501,53,0.02421849783763015,0.0474682557617551,0.4115469554030876
kaiser,2025-10-29,0.4792528735632184,0.2103071241641727,87,0.022547290398209803,0.04419268918049121,0.446230210366515
kaiser,2025-10-31,0.4162037037037037,0.16540769287161677,81,0.018378632541290754,0.036022119780929875,0.4477282886334612
kaiser,2025-11-02,0.4836881188118812,0.18667136699940282,101,0.01857449525117435,0.036406010692301725,0.4499459112577926
kaiser,2025-11-04,0.45835227272727275,0.20741945063210074,88,0.022110987730425524,0.043337535951634025,0.4710201957695771
kaiser,2025-11-06,0.4390909090909091,0.1929047322628112,44,0.029081482599986854,0.05699970589597423,0.4487215909090911
kaiser,2025-11-08,0.4183108108108108,0.19631328955946323,37,0.032273705998159125,0.06325646375639188,0.4287008599508601
kaiser,2025-11-10,0.44609375,0.16666443003509793,80,0.01863364974948683,0.03652195350899418,0.43220228040540554
kaiser,2025-11-12,0.4427956989247312,0.2198603340828873,93,0.022798454603124747,0.0446849710221245,0.44444472446236577
kaiser,2025-11-14,0.4172093023255814,0.2212580435061476,43,0.03374153530927675,0.06613340920618244,0.43000250062515644
kaiser,2025-11-16,0.37756329113924053,0.21966137060882485,79,0.024713835037281615,0.048439116673071964,0.3973862967324111
kaiser,2025-11-18,0.4303571428571429,0.14136358803158622,28,0.02671520702652599,0.05236180577199094,0.40396021699819185
kaiser,2025-11-20,0.2681818181818182,0.13280197150781925,11,0.04004130099190044,0.07848094994412486,0.3492694805194807
kaiser,2025-11-22,0.376875,0.16507447814042406,16,0.041268619535106014,0.08088649428880779,0.3225284090909093
kaiser,2025-11-24,0.4321875,0.2989787304307783,8,0.10570494385907404,0.2071816899637851,0.4045312500000002
kaiser,2025-11-26,0.43555555555555553,0.18952641356261798,18,0.04467180408136441,0.08755673599947425,0.43387152777777793
kaiser,2025-11-28,0.49374999999999997,0.23569200485770866,14,0.06299133792710038,0.12346302233711674,0.4646527777777779
kaiser,2025-12-04,0.4511111111111111,0.1758350042453115,27,0.033839462344663195,0.06632534619553986,0.4724305555555557
kaiser,2025-12-10,0.39319444444444446,0.21173965277093362,18,0.04990751477347071,0.09781872895600259,0.42215277777777793
kaiser,2025-12-14,0.41111111111111115,0.14953632037438636,9,0.04984544012479545,0.09769706264459908,0.40215277777777797
kaiser,2025-12-16,0.45499999999999996,0.18907670401189033,5,0.08455767262643879,0.16573303834782002,0.43305555555555575
kaiser,2025-12-18,0.4915909090909091,0.23468668668906403,11,0.07076069845812004,0.13869096897791527,0.4732954545454547
kaiser,2025-12-20,0.43499999999999994,0.16674997917707685,10,0.05273097339852125,0.10335270786110165,0.4632954545454547
kaiser,2025-12-22,0.5805,0.2553086367516775,5,0.11417749340391038,0.22378788707166433,0.5077500000000001
kaiser,2025-12-28,0.466,0.1369984358617697,15,0.0353728440366066,0.06933077431174893,0.5232500000000002
kaiser,2026-01-19,0.3416666666666666,0.1594260539142416,6,0.0650854139658888,0.12756741137314204,0.4038333333333335
kast,2025-08-06,0.32416666666666666,0.12563292145126992,15,0.032438280834410194,0.06357903043544398,0.32416666666666666
kast,2025-08-08,0.3877777777777778,0.17576815537646304,9,0.05858938512548768,0.11483519484595585,0.35597222222222225
kast,2025-08-10,0.4425,0.15777093099385156,4,0.07888546549692578,0.15461551237397453,0.4151388888888889
kast,2025-08-12,0.41967391304347823,0.16649512746730977,23,0.034716633947204076,0.06804460253651999,0.4310869565217391
kast,2025-08-14,0.39,0.08944271909999159,5,0.04,0.0784,0.4048369565217391
kast,2025-08-18,0.41133333333333333,0.20803259245562827,15,0.053713784403266865,0.10527901743040305,0.40066666666666667
kast,2025-08-20,0.5132,0.1956340120394883,25,0.03912680240789766,0.07668853271947941,0.46226666666666666
kast,2025-08-22,0.38378378378378375,0.17761696226792442,37,0.02920004872510063,0.05723209550119724,0.44849189189189187
kast,2025-08-24,0.49413636363636365,0.2389610121334971,55,0.032221496302896176,0.0631541327536765,0.43896007371007373
kast,2025-08-26,0.46226190476190476,0.2154485216384426,21,0.0470147218464045,0.09214885481895281,0.4781991341991342
kast,2025-08-28,0.44349999999999995,0.15588056325276733,5,0.0697119071608287,0.13663533803522426,0.4528809523809524
kast,2025-08-30,0.3086111111111111,0.14993925785381101,18,0.03534102199816936,0.06926840311641194,0.37605555555555553
kast,2025-09-01,0.408125,0.1805258522576014,16,0.04513146306440035,0.08845766760622469,0.35836805555555556
kast,2025-09-03,0.42301020408163265,0.1660203454460953,49,0.023717192206585046,0.04648569672490669,0.41556760204081633
kast,2025-09-05,0.43006756756756753,0.17060298136976462,37,0.02804695736846404,0.05497203644218952,0.4265388858246001
kast,2025-09-07,0.4249264705882353,0.17458987146300559,34,0.029941915936117936,0.058686155234791156,0.4274970190779014
kast,2025-09-09,0.5709090909090909,0.18619637727166152,11,0.05614032006668721,0.11003502733070693,0.4979177807486631
kast,2025-09-11,0.4206976744186047,0.1853610742621162,43,0.028267298820288486,0.05540390568776543,0.4958033826638478
kast,2025-09-13,0.3994,0.2235616991645334,25,0.04471233983290668,0.08763618607249708,0.4100488372093023
kast,2025-09-15,0.3977272727272727,0.16750169605654203,11,0.050503661597063876,0.0989871767302452,0.39856363636363634
kast,2025-09-17,0.5309375,0.265477795345352,8,0.09386057467157642,0.18396672635628977,0.46433238636363633
kast,2025-09-19,0.43928571428571433,0.17886240030190315,14,0.04780298723612383,0.0936938549828027,0.48511160714285717
kast,2025-09-21,0.40705882352941175,0.22146570575041505,17,0.05371332336828952,0.10527811380184746,0.42317226890756304
kast,2025-09-23,0.6081818181818182,0.21271486463424136,11,0.06413594484754709,0.12570645190119228,0.5076203208556149
kast,2025-09-25,0.4714,0.19239320630763793,25,0.038478641261527585,0.07541813687259406,0.5397909090909091
kast,2025-09-27,0.34691176470588236,0.17431457154506957,17,0.04227749356262403,0.0828638873827431,0.4091558823529412
kast,2025-09-29,0.4962500000000001,0.19521905117374294,18,0.046013571633919094,0.09018660040248143,0.4215808823529412
kast,2025-10-01,0.4869270833333333,0.20773873704224693,48,0.029984503938113537,0.05876962771870253,0.49158854166666666
kast,2025-10-03,0.425,0.20575065816014623,16,0.05143766454003656,0.10081782249847165,0.45596354166666664
kast,2025-10-05,0.4128448275862069,0.2133070014024168,29,0.03961011576095466,0.07763582689147114,0.41892241379310347
kast,2025-10-07,0.3683823529411765,0.1937559297005324,17,0.04699271551441442,0.09210572240825225,0.3906135902636917
kast,2025-10-09,0.5351315789473684,0.2146710559919566,19,0.04924891785116317,0.09652787898827982,0.45175696594427245
kast,2025-10-11,0.47062499999999996,0.18530223863423007,36,0.030883706439038344,0.06053206462051516,0.5028782894736842
kast,2025-10-13,0.47115384615384615,0.17981980464281402,52,0.02493652023013783,0.048875579651070145,0.47088942307692305
kast,2025-10-15,0.45,0.2386822799648746,27,0.04593442619617132,0.09003147534449579,0.4605769230769231
kast,2025-10-17,0.4131481481481481,0.15999037319685683,27,0.030790161677651324,0.060348716888196596,0.43157407407407405
kast,2025-10-19,0.46461206896551727,0.17715020000145798,58,0.023260960842577862,0.04559148325145261,0.4388801085568327
kast,2025-10-21,0.4157866666666667,0.19282175940723315,75,0.02226513893987666,0.04363967232215825,0.440199367816092
kast,2025-10-23,0.3977027027027027,0.15824271351749938,37,0.02601494185072867,0.05098928602742819,0.4067446846846847
kast,2025-10-25,0.3921691176470588,0.19980069566262662,68,0.024229393302614644,0.0474896108731247,0.3949359101748807
kast,2025-10-27,0.41328947368421054,0.20424474030010187,38,0.03313287202996605,0.06494042917873345,0.40272929566563465
kast,2025-10-29,0.4158098591549296,0.16300403952481804,71,0.019345020431955996,0.03791624004663375,0.41454966641957003
kast,2025-10-31,0.35330357142857144,0.1374739934520758,28,0.025980142743793892,0.050921079777836026,0.3845567152917505
kast,2025-11-02,0.48200000000000004,0.19287301521985914,50,0.027276363393971718,0.05346167225218457,0.41765178571428574
kast,2025-11-04,0.3305882352941176,0.14389538683690026,17,0.03489975758633252,0.06840352486921174,0.4062941176470588
kast,2025-11-06,0.39276119402985077,0.1889971211543004,67,0.023089673276362178,0.04525575962166987,0.3616747146619842
kast,2025-11-08,0.4685344827586207,0.19488036307265555,29,0.036188374924843426,0.07092921485269311,0.4306478383942357
kast,2025-11-10,0.4624193548387097,0.19583102019779217,62,0.024870564435696477,0.04874630629396509,0.4654769187986652
kast,2025-11-12,0.404005376344086,0.18464203756457553,93,0.019146487377106544,0.03752711525912883,0.43321236559139786
kast,2025-11-14,0.35343749999999996,0.16769619919473125,40,0.026515097220432257,0.05196959055204722,0.37872143817204296
kast,2025-11-16,0.4067947103274559,0.20044900683374717,397,0.01006024727157981,0.01971808465229643,0.38011610516372796
kast,2025-11-18,0.4234882005899705,0.19328305693218023,339,0.010497694661526051,0.02057548153659106,0.41514145545871317
kast,2025-11-20,0.4285576923076923,0.19877876655826235,182,0.014734462487804852,0.02887954647609751,0.42602294644883143
kast,2025-11-22,0.4384090909090909,0.20029172066632608,143,0.016749235107778728,0.03282850081124631,0.4334833916083916
kast,2025-11-24,0.44003205128205125,0.1906284147614798,156,0.01526248805927309,0.029914476596175254,0.4392205710955711
kast,2025-11-26,0.4229122807017544,0.18727846355636735,285,0.011093418771606127,0.021743100792348008,0.43147216599190286
kast,2025-11-28,0.3932278481012658,0.18265586595668612,79,0.020550390482103317,0.0402787653449225,0.4080700644015101
kast,2025-11-30,0.4396666666666667,0.18103182737442197,75,0.020903754853302474,0.04097135951247285,0.41644725738396626
kast,2025-12-02,0.4883011049723757,0.19451126559460946,181,0.014457908509560106,0.028337500678737807,0.4639838858195212
kast,2025-12-04,0.434140625,0.19883917971086335,192,0.014349981741438917,0.028125964213220275,0.46122086498618786
kast,2025-12-06,0.41404580152671755,0.1952499527270866,131,0.017059067576053143,0.03343577244906416,0.4240932132633588
kast,2025-12-08,0.40380952380952384,0.15268255576166534,42,0.02355942983479886,0.04617648247620576,0.4089276626681207
kast,2025-12-10,0.4298611111111111,0.19226940741626267,198,0.013663991798138639,0.026781423924351733,0.41683531746031743
kast,2025-12-12,0.43375,0.1906878387623391,136,0.016351347275812004,0.03204864066059153,0.43180555555555555
kast,2025-12-14,0.4362958333333333,0.18352096601931614,360,0.00967240418359006,0.01895791219983652,0.4350229166666667
kast,2025-12-16,0.46179558011049726,0.20210855768983946,181,0.015022610783731538,0.029444317136113816,0.4490457067219153
kast,2025-12-18,0.4407241379310345,0.19182441815218756,145,0.015930150853112883,0.03122309567210125,0.4512598590207659
kast,2025-12-20,0.539407894736842,0.1860565467395256,38,0.030182357422767987,0.05915742054862525,0.49006601633393826
kast,2025-12-22,0.4985576923076923,0.17561261550350507,52,0.024353088069854995,0.047732052616915786,0.5189827935222672
kast,2025-12-24,0.48578947368421055,0.23614235375627424,38,0.03830734821550607,0.0750824025023919,0.49217358299595143
kast,2025-12-26,0.46366666666666667,0.18034160706308247,15,0.046564002718906684,0.0912654453290571,0.4747280701754386
kast,2025-12-28,0.439537037037037,0.1583144950556624,27,0.030467638779002118,0.05971657200684415,0.45160185185185187
kast,2025-12-30,0.39250000000000007,0.3078047270592185,3,0.1777111420254791,0.34831383836993907,0.41601851851851857
kast,2026-01-01,0.425,0.11902380714238087,4,0.05951190357119043,0.11664333099953325,0.40875000000000006
kast,2026-01-07,0.26666666666666666,0.1527525231651947,3,0.0881917103688197,0.1728557523228866,0.3458333333333333
kast,2026-01-09,0.4000000000000001,0.25,3,0.14433756729740646,0.2829016319029167,0.33333333333333337
kast,2026-01-11,0.475,0.08660254037844384,4,0.04330127018922192,0.08487048957087497,0.4375
kast,2026-01-15,0.37857142857142856,0.20987524639084776,7,0.07932538689979848,0.15547775832360503,0.42678571428571427
kast,2026-01-17,0.55,0.14577379737113247,5,0.06519202405202647,0.12777636714197188,0.4642857142857143
kast,2026-01-19,0.4720833333333333,0.14714244115314165,30,0.026864411395317384,0.052654246334822075,0.5110416666666666
kast,2026-01-21,0.43212962962962964,0.1656756326143505,27,0.0318842903626856,0.06249320911086377,0.45210648148148147
matthei,2025-08-06,0.3833333333333333,0.11930353445448855,3,0.06887992773257276,0.1350046583558426,0.3833333333333333
matthei,2025-08-10,0.40384615384615385,0.1951298055798781,13,0.0541192707222746,0.10607377061565822,0.3935897435897436
matthei,2025-08-12,0.338125,0.21866426891469945,4,0.10933213445734973,0.21429098353640547,0.37098557692307693
matthei,2025-08-14,0.3375,0.1181453906563152,4,0.0590726953281576,0.1157824828431889,0.3378125
matthei,2025-08-18,0.31666666666666665,0.16072751268321592,3,0.09279607271383371,0.18188030251911405,0.32708333333333334
matthei,2025-08-20,0.45999999999999996,0.07416198487095664,5,0.033166247903554,0.06500584589096584,0.3883333333333333
matthei,2025-08-22,0.315,0.11198958284888227,7,0.04232808366400098,0.08296304398144193,0.38749999999999996
matthei,2025-08-24,0.3333333333333333,0.20207259421636906,3,0.1166666666666667,0.2286666666666667,0.32416666666666666
matthei,2025-08-30,0.2916666666666667,0.1800462903440853,6,0.07350359023733316,0.144067036865173,0.3125
matthei,2025-09-01,0.4475,0.1708591734231942,8,0.060407840077734476,0.11839936655235957,0.3695833333333334
matthei,2025-09-03,0.3853846153846154,0.2118023994440488,13,0.05874341626629412,0.11513709588193646,0.4164423076923077
matthei,2025-09-05,0.3759375,0.13728188869725574,8,0.04853647721596319,0.09513149534328785,0.3806610576923077
matthei,2025-09-11,0.34285714285714286,0.12724180205607036,7,0.048092880658867035,0.09426204609137939,0.3593973214285714
matthei,2025-09-13,0.3718181818181818,0.17319508306108694,22,0.03692531577789319,0.07237361892467065,0.35733766233766234
matthei,2025-09-19,0.378,0.20717142660125695,5,0.09264987857520375,0.18159376200739935,0.3749090909090909
matthei,2025-09-27,0.23625,0.14284646875706672,12,0.04123622359483997,0.08082299824588635,0.307125
matthei,2025-10-01,0.42000000000000004,0.19557607215607947,5,0.08746427842267951,0.17142998570845183,0.328125
matthei,2025-10-03,0.42,0.2811710206567221,15,0.07259804536264175,0.14229216891077784,0.42000000000000004
matthei,2025-10-05,0.36250000000000004,0.14361406616345074,4,0.07180703308172537,0.1407417848401817,0.39125
matthei,2025-10-07,0.21428571428571427,0.14638501094227999,7,0.055328333517248814,0.10844353369380767,0.2883928571428572
matthei,2025-10-09,0.35000000000000003,0.1118033988749895,7,0.04225771273642583,0.08282511696339463,0.28214285714285714
matthei,2025-10-11,0.5375,0.20478429418013763,15,0.052875077394967565,0.10363515169413642,0.44375
matthei,2025-10-13,0.46416666666666667,0.19447900486513536,21,0.04243879813686514,0.08318004434825567,0.5008333333333334
matthei,2025-10-15,0.46499999999999997,0.19806203934265504,8,0.07002550555741406,0.13724999089253156,0.46458333333333335
matthei,2025-10-17,0.3277777777777778,0.11211353372561426,9,0.03737117790853809,0.07324750870073465,0.3963888888888889
matthei,2025-10-19,0.4076470588235294,0.18495242333383694,17,0.044857551595256596,0.08792080112670293,0.3677124183006536
matthei,2025-10-21,0.4878125,0.1348109622238277,8,0.04766287278337603,0.09341923065541702,0.44772977941176473
matthei,2025-10-23,0.40146341463414636,0.16928431669250635,41,0.02643776856661087,0.051818026390557305,0.4446379573170732
matthei,2025-10-25,0.33682432432432435,0.1837954862905528,37,0.03021579181746256,0.05922295196222662,0.3691438694792354
matthei,2025-10-27,0.4374166666666667,0.15412780653446811,30,0.02813975879257344,0.05515392723344394,0.38712049549549554
matthei,2025-10-29,0.4808,0.19922600231897442,25,0.03984520046379488,0.07809659290903796,0.45910833333333334
matthei,2025-10-31,0.3592682926829268,0.1415287558042965,41,0.022103078209370877,0.043322033290366914,0.4200341463414634
matthei,2025-11-02,0.357,0.20477901368168677,10,0.0647568100236913,0.12692334764643495,0.3581341463414634
matthei,2025-11-04,0.47875000000000006,0.18971216389099863,40,0.02999612688673536,0.05879240869800131,0.417875
matthei,2025-11-06,0.3017391304347826,0.13920928240710242,23,0.02902714195242281,0.05689319822674871,0.39024456521739137
matthei,2025-11-08,0.52,0.17925772879665,7,0.06775305299745679,0.13279598387501532,0.4108695652173914
matthei,2025-11-10,0.4390384615384615,0.18603235864101295,26,0.03648394718731601,0.07150853648713938,0.4795192307692308
matthei,2025-11-12,0.41922619047619053,0.1744682584304885,42,0.026921036737876356,0.05276523200623766,0.4291323260073261
matthei,2025-11-14,0.37629032258064515,0.1977402241238721,31,0.03551519267661021,0.06960977764615602,0.3977582565284179
matthei,2025-11-16,0.3475,0.18975802514810308,75,0.021911369380029817,0.04294628398485844,0.3618951612903226
matthei,2025-11-18,0.41508333333333336,0.2054253373102733,60,0.026520297009724317,0.05197978213905966,0.3812916666666667
matthei,2025-11-20,0.38749999999999996,0.08539125638299667,4,0.04269562819149834,0.08368343125533674,0.4012916666666667
matthei,2025-11-22,0.34500000000000003,0.15797007771899543,12,0.045602033447484064,0.08937998555706876,0.3662500000000001
matthei,2025-11-26,0.2833333333333333,0.20207259421636903,3,0.11666666666666668,0.22866666666666668,0.3141666666666667
matthei,2025-11-28,0.3125,0.13768926368215256,4,0.06884463184107628,0.1349354784085095,0.2979166666666667
matthei,2025-12-04,0.19285714285714287,0.10177004891982147,7,0.0384654629081036,0.07539230729988305,0.2526785714285715
matthei,2025-12-10,0.3375,0.17017148213885117,4,0.08508574106942558,0.16676805249607413,0.2651785714285715
matthei,2025-12-14,0.26,0.1746424919657298,5,0.07810249675906654,0.15308089364777042,0.29875000000000007
matthei,2025-12-16,0.32999999999999996,0.1396424004376894,5,0.06244997998398398,0.1224019607686086,0.29500000000000004
